SKU;Product Name;Published;Featured;Short Description;Allow Customer Reviews;Regular Price;Sale Price;Category;
15175.;CRAZY CHIC- MAKE UP URSO ;yes;yes;Materiais: Maquiagem<br>Cor: Azul<br>Idade: >4;no;16201.080;;BRINQUEDOS > MENINA > Beleza;
15176.;CRAZY CHIC- MAKE UP GATO;yes;yes;Materiais: Maquiagem<br>Cor: Azul<br>Idade: >4;no;16201.080;;BRINQUEDOS > MENINA > Beleza;
15177.;CRAZY CHIC-MAKE UP COELHO;yes;yes;Materiais:Maquiagem<br>Cor: Azul<br>Idade: >4;no;17054.400;;BRINQUEDOS > MENINA > Beleza;
15178.;CRAZY CHIC- MAKE UP LEÃO;yes;yes;Materiais: Maquiagem<br>Cor: Azul<br>Idade: >4;no;17054.400;;BRINQUEDOS > MENINA > Beleza;
15234;CRAZY CHIC-CONJ.DE MAKE UP DE ARTISTA;yes;yes;Materiais: Maquiagem<br>Cor: Varias Cores<br>Idade: >4;no;53295.000;;BRINQUEDOS > MENINA > Beleza;
15240;CRAZY CHIC-ROMANTIC MAKE UP;yes;yes;Materiais: Maquiagem<br>Cor: Azul<br>Idade: >4;no;37791.000;;BRINQUEDOS > MENINA > Beleza;
408-H;CADEIRA  EXECUTIVA EM PELE PRETO;yes;yes;Materiais: Metal/Pele<br>Cor: Preto/Cromado<br>;no;516477.000;;Mobiliário > Escritório;
408-HH;CADEIRA EXECUTIVA EM PELE CASTANHO;yes;yes;Materias: Metal/Pele<br>Cor: Castanho/Cromado<br>;no;516477.000;;Mobiliário > Escritório > Cadeiras;
408-L;CADEIRA EXECUTIVA EM PELE PRETO;yes;yes;Materiais: Metal/Pele<br>Cor: Preto/Cromado<br>;no;476748.000;;Mobiliário > Escritório > Cadeiras;
408-LL;CADEIRA EXECUTIVA EM PELE CASTANHO;yes;yes;Materias: Metal/Pele<br>Cor: Castanho/Cromado;no;476748.000;;Mobiliário > Escritório > Cadeiras;
408V;CADEIRA DE VISITA EM PELE PRETO;yes;yes;Materiais: Metal/Pele<br>Cor: Preto/Cromado<br>;no;377425.500;;Mobiliário > Escritório > Cadeiras;
408-V;CADEIRA DE VISITA EM PELE CASTANHO;yes;yes;Materias: Metal/Pele<br>Cor: Castanho/Cromado<br>;no;377425.500;;Mobiliário > Escritório > Cadeiras;
522H;CADEIRA EXECUTIVA EM PELE PRETO;yes;yes;Materiais: Metal/Pele<br>Cor: Preto/Cromado<br>;no;357561.000;;Mobiliário > Escritório > Cadeiras;
522-H;CADEIRA EXECUTIVA EM PELE CASTANHO;yes;yes;Materiais: Metal/Pele<br>Cor: Castanho/Cromado<br>;no;357561.000;;Mobiliário > Escritório > Cadeiras;
522L;CADEIRA EXECUTIVA  EM PELE PRETO;yes;yes;Materiais: Metal/Pele<br>Cor: Preto/Cromado<br>;no;297967.500;;Mobiliário > Escritório > Cadeiras;
522-L;CADEIRA EXECUTIVA EM PELE CASTANHO;yes;yes;Materiais: Metal/Pele<br>Cor: Castanho/Cromado<br>;no;297967.500;;Mobiliário > Escritório > Cadeiras;
522V;CADEIRA DE VISITA EM PELE PRETO;yes;yes;Materiais: Metal/Pele<br>Cor: Preto/Cromado<br>;no;218983.090;;Mobiliário > Escritório;
522-V;CADEIRA DE VISITA EM PELE CASTANHO;yes;yes;Materias: Metal/Pele<br>Cor: Castanho/Cromado<br>;no;218893.100;;Mobiliário > Escritório > Cadeiras;
574L;Cadeiras Exec. C/Costa Med de Escrit. em pele PRET;yes;yes;;no;417154.500;;Mobiliário > Escritório;
574V;Cadeira de Visita em pele;yes;yes;;no;309886.200;;Mobiliário > Escritório;
67180.;FROZEN COLARES E BRINCOS;yes;yes;Materiais: Plástico/Metal<br>Cor: Azul<br>Idade: >4;no;17054.400;;BRINQUEDOS > MENINA > Beleza;
993 DT;Conj.de sofas de canto dir.em pele preto & branco;yes;yes;;no;3406762.370;;Mobiliário > Lar > Sofás;
993 EQ;Sofa com canto esquerdo em pele preto e branco;yes;yes;Materiais: Metal/Pele<br>Cor: Preto/Branco<br>Medidas: 230cmx190cm;no;3406762.370;;Mobiliário > Lar > Sofás;
A78 CHOCOLAT;Sofá de 1L Chocolate;yes;yes;Materiais: Pele<br>Cor: Castanho<br>;no;357561.000;;Mobiliário > Escritório > Sofás;
A78 CHOCOLATE;Sofá de 3L Chocolate;yes;yes;Materiais: Pele<br>Cor: Castanho/Prata<br>;no;1032954.000;;Mobiliário > Escritório > Sofás;
A78 CHOCOLATE (3+1+1);Conj.Sofás Escritório A78(3+1+1);yes;yes;Materiais: Pele<br>Cor: Castanho/Prata<br>;no;1581214.200;;Mobiliário > Escritório > Sofás;
A78 PRETO;SOFA DE ESCRITORIO 1 LUGAR;yes;yes;Materiais: Pele<br>Cor: Preto/Prata;no;357561.000;;Mobiliário > Escritório > Sofás;
A78 PRETO (3+1+1);Conj.Sofás Escritório A78 (3+1+1);yes;yes;Materiais: Pele<br>Cor: Preto/Prata<br>;no;1581214.200;;Mobiliário > Escritório > Sofás;
A78 PRETO.;SOFA DE ESCRITORIO 3 LUGAR;yes;yes;Materiais: Pele<br>Cor: Preto/Prata;no;1032954.000;;Mobiliário > Escritório > Sofás;
ALEX+2 BR;MESA DE CENTRO BRANCA;yes;yes;Materiais: Madeira<br>Cor: Branco<br>Medidas:120x60x44cm;no;516477.000;;Mobiliário > Lar > Mesas de Centro;
ALEX+2 PR;MESA DE CENTRO PRETA;yes;yes;Materiais: Madeira<br>Cor:Preto<br>Medidas:120x60x44cm;no;516477.000;;Mobiliário > Lar > Mesas de Centro;
BOSTON XL DTO; CONJUNTO DE SOFA PRETO/MARROM-DIREITO;yes;yes;Materiais: Tecido<br>Cor: Preto/Cinzento<br>Medidas: 245cmx330cmx245cm;no;3376965.000;;Mobiliário > Lar > Sofás;
BOSTON XL ESQUERDO; CONJUNTO DE SOFA PRETO/MARROM-ESQUERDO;yes;yes;Materiais: Tecido<br>Cor: Preto/Cinzento<br>Medidas: 245cmx330cmx245cm;no;3376965.000;;Mobiliário > Lar > Sofás;
BRONTE-1;Conj. de Sofás canto esq.em pele genuina, preta;yes;yes;Materiais: Metal/Pele<br>Cor: Preto/Prateado<br>Medidas: 210x250cm;no;1032954.000;;Mobiliário > Lar > Sofás;
D-087ARBUWP;CADEIRA C/RODAS,BRAÇOS E PALMATORIA;yes;yes;Materiais: Metal/Plástico/Tecido<br>Cor: Preto/Cinza<br>;no;198645.000;;Mobiliário > Escritório > Cadeiras;
DX6229B;Cadeira de Escritório director com rodas;yes;yes;;no;115214.100;;Mobiliário > Escritório > Cadeiras;
DX6229C;Cadeira de Escritório Visita Fixa;yes;yes;;no;99322.500;;Mobiliário > Escritório;
GLK-T01;MESA REUNIAO REDONDA 100X75;yes;yes;Materiais: Metal/Madeira<br>Cor: Castanho/Preto<br>Medidas: 100x75cm;no;270157.200;;Mobiliário > Escritório > Mesas de Reunião;
HX-002B;ARMÁRIO DE ESCRITÓRIO 90*43*182;yes;yes;Materiais: Metal<br>Cor: Cinza<br>Medidas: 90x43x182Cm;no;775510.080;;Mobiliário > Escritório > Armários de Escritório;
KB-C02412-HT;MESA DE REUNIÃO RECT.240*120*75 CM;yes;yes;;no;699230.400;;Mobiliário > Escritório > Mesas de Reunião;
KB-D01814-HT;SECRETARIA EXECUTIVA 180+EXT.LAT.MADEIRA;yes;yes;;no;460856.400;;Mobiliário > Escritório;
KB-F02L-HT;MESA DE CENTRO 120*60*42 CM;yes;yes;Materiais: Metal/Madeira<br>Cor: Preto/Castanho<br>Medidas:120X60X42CM;no;317832.000;;Mobiliário > Escritório > Mesas de Centro;
KB-F02S-HT;MESA DE CENTRO 60*60*20CM;yes;yes;Materiais: Metal/Madeira<br>Cor: Preto/Castanho<br>Medidas:60x60x20cm;no;260622.240;;Mobiliário > Escritório > Mesas de Centro;
KB-S01804-HT;ARMARIO 180*40*90CM,MAD.P2 PORT.CORRER;yes;yes;;no;381398.400;;Mobiliário > Escritório;
KB-S1004-HT;MODULO DE 3 GAVETAS COM RODAS;yes;yes;;no;114419.520;;Mobiliário > Escritório;
KYOTO+2 BR;MESA DE CENTRO BRANCA;yes;yes;Materiais: Madeira<br>Cor: Branco<br>Medidas: 60x60x44cm;no;337696.500;;Mobiliário > Lar > Mesas de Centro;
L-4B;ARQUIVADOR 4 GAVETAS 46,62,130;yes;yes;Materiais: Metal<br>Cor: Cinza<br>Medidas:46x62x130cm;no;337696.500;;Mobiliário > Escritório > Armários de Escritório;
LILA BR;MESA DE CENTRO BRANCA;yes;yes;Materiais: Madeira<br>Cor: Branco<br>Medidas: 130x70x43cm;no;417154.500;;Mobiliário > Lar > Mesas de Centro;
LILA PR;MESA DE CENTRO PRETA;yes;yes;Materiais: Madeira<br>Cor: Preto<br>Medidas: 130x70x43cm;no;417154.500;;Mobiliário > Lar > Mesas de Centro;
LILA SO;MESA DE CENTRO SONOMA(CASTANHO);yes;yes;Materiais: Madeira<br>Cor: Somona(Castanho)<br>Medidas: 130x70x43cm;no;417154.500;;Mobiliário > Lar > Mesas de Centro;
LILA WG;MESA DE CENTRO WENGUE;yes;yes;Materiais: Madeira<br>Cor: Wengue<br>Medidas: 130x70x43cm;no;313859.100;;Mobiliário > Lar > Mesas de Centro;
MAGMA BR;MESA DE CENTRO BRANCA;yes;yes;Materiais: Madeira<br>Cor: Branco<br>Medidas: 130x70x50cm;no;417154.500;;Mobiliário > Lar > Mesas de Centro;
MAGMA PR;MESA DE CENTRO PRETA;yes;yes;Materiais: Madeira<br>Cor: Preto<br>Medidas: 130x70x50cm;no;417154.500;;Mobiliário > Lar > Mesas de Centro;
MASIV MINI BR;MESA DE CENTRO BRANCA;yes;yes;Materiais: Madeira<br>Cor:  Branco<br>Medidas: 100x70x60cm;no;377425.500;;Mobiliário > Lar > Mesas de Centro;
MASIV MINI PR;MESA DE CENTRO PRETA;yes;yes;Materiais: Madeira<br>Cor: Preto<br>Medidas: 100x70x60cm;no;377425.500;;Mobiliário > Lar > Mesas de Centro;
NF 316-2;CADEIRAS EM BATERIA 2 LUGARES;yes;yes;Materiais: Metal/PVC/Tecido<br>Cor: Cinza/Preto<br>Medidas: 95cm Larg;no;147582.450;;Mobiliário > Escritório > Cadeiras;
NF 316-3;CADEIRA EM BATERIA 3 LUGARES;yes;yes;Materiais: Metal/PVC/Tecido<br>Cor: Cinza/Preto<br>Medidas: 155cm Larg;no;221376.140;;Mobiliário > Escritório > Cadeiras;
NF 316-4;CADEIRA EM BATERIA 4 LUGARES;yes;yes;Materiais: Metal/PVC/Tecido<br>Cor: Cinza/Preto<br>Medidas: 200cm Larg;no;282870.480;;Mobiliário > Escritório > Cadeiras;
NF-316-2;CADEIRAS EM BATERIA 2 LUGARES PVC;yes;yes;Materiais: Metal/PVC<br>Cor: Cinza/Preto<br>Medidas: 95cm Larg;no;234401.100;;Mobiliário > Escritório > Cadeiras;
NW-01A;ARMARIOM CACIFO 2 PORTAS 90X50X180;yes;yes;Materiais: Metal<br>Cor: Cinza<br>Medidas: 90x50x180cm;no;397290.000;;Mobiliário > Escritório > Armários de Escritório;
NW-04A;ARMARIO 4 CACIFOS 90X50X180;yes;yes;Materiais: Metal<br>Cor: Cinza<br>Medidas:90x50x180cm;no;496612.500;;Mobiliário > Escritório > Armários de Escritório;
OA-120A;SECRETARIA 120 CEREJEIRA;yes;yes;Materias: Metal/Madeira<br>Cor: Cinza/Cerejeira<br>Medidas: 120x20cm120x70x75cm;no;297967.500;;Mobiliário > Escritório > Secretárias;
OA-140A;SECRETARIA 140 CEREJEIRA;yes;yes;Materias: Metal/Madeira<br>Cor: Cinza/Cerejeira<br>Medidas: 140x20cm120x70x75cm;no;337696.500;;Mobiliário > Escritório > Secretárias;
OA-160A;SECRETARIA 160 CEREJEIRA;yes;yes;Materias: Metal/Madeira<br>Cor: Cinza/Cerejeira<br>Medidas: 160x20cm120x70x75cm;no;377425.500;;Mobiliário > Escritório > Secretárias;
OC0146956;HELICOPTRO C/TELECOMANDO;yes;yes;Materiais: Plástico/Componentes Eletronicos<br>Cor: Branco/Vermelho<br>Idade: >14;no;31259.630;;BRINQUEDOS > MENINO > Telecomando;
OC0157371;Mochilas escolar"12 CARS;yes;yes;Materiais: Plástico/Tecido<br>Cor: Azul<br>Idade: >4;no;21149.290;;BRINQUEDOS > MENINO > Escolar;
OC0157377;Mochila escolar 12 toy story;yes;yes;Materiais: Plástico/Tecido<br>Cor: Azul<br>Idade: >4;no;21149.290;;BRINQUEDOS > MENINO > Escolar;
OC0174456;CARS - CAMIÃO COM RC MUSICA E LUZES;yes;yes;Materiais: Plástico/Componentes Eletronicos<br>Cor: Branco/Vermelho<br>Idade: >6;no;48751.960;;BRINQUEDOS > MENINO > Telecomando;
OC0174759;Mochilas Escolar15;yes;yes;Materiais: Plástico/Tecido<br>Cor: Azul<br>Idade: >4;no;25524.060;;BRINQUEDOS > MENINO > Escolar;
OC0174764;MOCHILA ESCOLAR 15 ANGRY BIRDS;yes;yes;Materiais: Plástico/Tecido<br>Cor: Azul<br>Idade: >4;no;25524.060;;BRINQUEDOS > MENINO > Escolar;
OC0196313;DRONE COM RC,USD E LCD;yes;yes;Materiais: Metal/Plástico/Componentes eletrónicos<br>Cor: Preto/Prateado/Branco<br>Idade: >14;no;72481.200;;BRINQUEDOS > MENINO > Drones;
OC0206087;DRONE X-SCOUT;yes;yes;Materiais: Plástico/Componentes Eletronicos<br>Cor: Branco/Vermelho<br>Idade: >14;no;116820.840;;BRINQUEDOS > MENINO > Drones;
OC0217144;BARBIE-CONJ. DE PULSEIRAS;yes;yes;Materiais: Plástico/Tecido<br>Cor: Rosa<br>Idade: >4;no;5968.740;;BRINQUEDOS > MENINA > Beleza;
OC0252780;DRONE COM RC;yes;yes;Materiais: Plástico/Componentes Eletronicos<br>Cor: Branco/Cinza<br>Idade: >14;no;196125.600;;BRINQUEDOS > MENINO > Drones;
OC0252840;IRON-DRONE;yes;yes;Materiais: Plástico/Componentes eletrónicos<br>Cor: Branco/Vermelho/Prateado<br>Idade: >14 ;no;98062.800;;BRINQUEDOS > MENINO > Drones;
OC0252905;DRONE 4G QUADPCOTER WATCHMEN;yes;yes;Materiais: Plástico/Componentes Eletronicos<br>Cor: Branco/Vermelho/Azul/Preto<br>Idade: >14;no;110853.600;;BRINQUEDOS > MENINO > Drones;
OC0257671;SPIDERMAN-CONJUNTO ESCOLAR DE MOCHILA, LANCHEIRA E;yes;yes;Materiais: Plástico/Tecido<br>Cor: Azul/Vermelho<br>Idade: >3;no;76744.800;;BRINQUEDOS > MENINO > Escolar;
OC0279947;Camião Purificador com Rc;yes;yes;Materiais: Plástico/Componentes Eletronicos<br>Cor: Branco/Verde<br>Idade: >3;no;24798.440;;BRINQUEDOS > MENINO > Telecomando;
OC0282078;DRONE COM RC;yes;yes;Materiais: Plástico/Componentes Eletronicos<br>Cor: Preto/Amarelo<br>Idade: >14;no;144962.400;;BRINQUEDOS > MENINA > Drones;
OC0299216;CARRO ANFÍBIO DE ESCALADA COM RC;yes;yes;Materiais: Plástico/Componentes Eletronicos<br>Cor: Vermelho<br>Idade: >8;no;77520.000;;BRINQUEDOS > MENINO > Telecomando;
OC0300780;Drone Com RC/AB;yes;yes;Materiais: Plástico/Componentes Eletronicos<br>Cor: Branco/Vermelho<br>Idade: >14;no;59690.400;;BRINQUEDOS > MENINO > Drones;
OC0300782;Drone c/rc Iron Man;yes;yes;Materiais: Plástico/Componentes Eletronicos<br>Cor: Branco/Vermelho<br>Idade: >14;no;59690.400;;BRINQUEDOS > MENINO > Drones;
OC0300783;Drone c/ rc Transformers;yes;yes;Materiais: Plástico/Componentes Eletronicos<br>Cor: Branco/Vermelho/Azul<br>Idade: >14;no;59690.400;;BRINQUEDOS > MENINO > Drones;
OC0300785;Drone C/RC Capitâo America;yes;yes;Materiais: Plástico/Componentes Eletronicos<br>Cor: Branco/Vermelho/Azul<br>Idade: >14;no;59690.400;;BRINQUEDOS > MENINO > Drones;
OC0300787;Drone c/ rc Batman;yes;yes;Materiais: Plástico/Componentes Eletrónicos<br>Cor: Preto/Branco<br>Idade: >14;no;59690.400;;BRINQUEDOS > MENINO > Drones;
OC0300789;Drone C/RC Doramon;yes;yes;Materiais: Plástico/Componentes Eletronicos<br>Cor: Branco/Vermelho/Azul<br>Idade: >14;no;59690.400;;BRINQUEDOS > MENINO > Drones;
OC0314767;MOANA-BONECA14"COM MÚSICA;yes;yes;Materiais: Borracha/Tecido<br>Cor: Azul/Pele<br>Idade: >3;no;11628.000;;BRINQUEDOS > MENINA > Bonecas;
OC0314772;Carro com rc SM- Capitão América;yes;yes;Materiais: Plástico/Componentes Eletronicos<br>Cor: Branco/Vermelho/Azul<br>Idade: >8;no;27286.740;;BRINQUEDOS > MENINO > Telecomando;
OC0314773;Carro com rc MIN-  Minions;yes;yes;Materiais: Plástico/Componentes Eletronicos<br>Cor: Amarelo/Pretoo<br>Idade: >8;no;27286.740;;BRINQUEDOS > MENINO > Telecomando;
OC0314796;Drone com RC/Minions;yes;yes;Materiais: Plástico/Componentes Eletronicos<br>Cor: Amarelo/Azul<br>Idade: >14;no;42636.000;;BRINQUEDOS > MENINO > Drones;
OC0316175;MERCEDES BENZE - CARRO COM RC;yes;yes;Materiais: Plástico/Componentes Eletronicos<br>Cor: Preto/Vermelho<br>Idade: >8;no;46186.010;;BRINQUEDOS > MENINO > Telecomando;
OC0316331;LAMBORGHINI_CARRO COM RC;yes;yes;Materiais: Plástico/Componentes Eletronicos<br>Cor: Laranja<br>Idade: >14;no;47042.320;;BRINQUEDOS > MENINO > Telecomando;
OC0318797;CX PLANA ACESS. ESCOLARES HOMEM ARANHA;yes;yes;Materiais: Plástico/Madeira/Cêra/Papel<br>Cor: Azul/Vermelho<br>Idade: >4;no;5968.740;;BRINQUEDOS > MENINO > Escolar;
OC0327828;DRONE COM R/C WIFI E CAMARA;yes;yes;Materiais: Plástico/Componentes Eletronicos<br>Cor: Branco/Preto<br>Idade: >14;no;144962.400;;BRINQUEDOS > MENINO > Drones;
OC0345165;LADYBUG - BONECA COM MUSICA E LUZES;yes;yes;Materiais: Plástico/Tecido<br>Cor: Azul/Vermelho/Preto<br>Idade: >3;no;8552.750;;BRINQUEDOS > MENINA > Bonecas;
OC0354327;Racing carro com rc;yes;yes;Materiais: Plástico/Componentes Eletronicos<br>Cor: Verde/Vermelho<br>Idade: >3;no;13566.000;;BRINQUEDOS > MENINO > Telecomando;
OC0354328;DORAMONI-CARRO DUBLÊ COM RC;yes;yes;Materiais: Plástico/Componentes Eletronicos<br>Cor: Branco/Vermelho/Azul<br>Idade: >8;no;15504.000;;BRINQUEDOS > MENINO > Telecomando;
OC0356281;CARRO COM RC;yes;yes;Materiais: Plástico/Componentes Eletronicos<br>Cor: Branco/Vermelho<br>Idade: >14;no;95931.000;;BRINQUEDOS > MENINO > Telecomando;
OC0364470;Avengers - Mochila Escolar;yes;yes;Materiais: Plástico/Tecido<br>Cor: Azul<br>Idade: >4;no;17915.240;;BRINQUEDOS > MENINO > Escolar;
OC0364472;LOL- MOCHILA ESCOLAR;yes;yes;Materiais: Plástico/Tecido<br>Cor: Rosa<br>Idade: >4;no;14535.000;;BRINQUEDOS > MENINA > Escolar;
OC0364474;FROZEN- MOCHILA ESCOLAR;yes;yes;Materiais: Plástico/Tecido<br>Cor: Rosa<br>Idade: >4;no;14535.000;;BRINQUEDOS > MENINA > Escolar;
OC0367534;MINNIONS-DRONE COM RC;yes;yes;Materiais: Plástico/Componentes Eletronicos<br>Cor: Branco/Amarelo/Azul<br>Idade: >14;no;40076.040;;BRINQUEDOS > MENINO > Telecomando;
OC0367536;DRONE COM RC 4 AXIS;yes;yes;Materiais: Plástico/Componentes Eletronicos<br>Cor: Branco/Vermelho/Preto/Amarelo<br>Idade: >14;no;42636.000;;BRINQUEDOS > MENINO > Drones;
OC0367537;SPIDERMAN-DRONE COM RC;yes;yes;Materiais: Plástico/Componentes Eletronicos<br>Cor: Branco/Vermelho/Azul<br>Idade: >14;no;42636.000;;BRINQUEDOS > MENINO > Drones;
OC0368269;CAPITÃO AMÉRICA - DRONE COM RC;yes;yes;Materiais: Plástico/Componentes Eletronicos<br>Cor: Branco/Vermelho/Azul<br>Idade: >14;no;42636.000;;BRINQUEDOS > MENINO > Drones;
OC0368934;DORAEMON- CARRO COM RC/MUSICA E LUZES;yes;yes;Materiais: Plástico/Componentes Eletronicos<br>Cor: Branco/Vermelho/Azul/Amarelo<br>Idade: >14;no;20464.680;;BRINQUEDOS > MENINO > Telecomando;
OC0369119;SPIDERMAN-BONECO COM RC, MUSICA E LUZES;yes;yes;Materiais: Plástico/Componentes Eletronicos<br>Cor: Branco/Vermelho<br>Idade: >4;no;37923.810;;BRINQUEDOS > MENINO > Telecomando;
OC0369206;MINNIONS-CARRO COM LUZES E RC;yes;yes;Materiais: Plástico/Componentes Eletronicos<br>Cor: Amarelo<br>Idade: >14;no;13651.640;;BRINQUEDOS > MENINO > Telecomando;
OC0369208;CARS- CARRO COM RC;yes;yes;Materiais: Plástico/Componentes Eletronicos<br>Cor: Vermelho<br>Idade: >3;no;14495.940;;BRINQUEDOS > MENINO > Telecomando;
OC0369231;FAST& FURIOUS- CARRO COM MUSICA E LUZES E RC;yes;yes;Materiais: Plástico/Componentes Eletronicos<br>Cor: Branco/Vermelho<br>Idade: >6;no;17054.400;;BRINQUEDOS > MENINO > Telecomando;
OC0369257;BENTLEY- CARRO COM VOLANTE = OC0379786;yes;yes;Materiais: Plástico/Componentes Eletronicos<br>Cor: Laranja<br>Idade: >14;no;93799.200;;BRINQUEDOS > MENINO > Telecomando;
OC0369258;MERCEDES SLS AMG COM R/C;yes;yes;Materiais: Plástico/Componentes Eletronicos<br>Cor: Preto/Vermelho<br>Idade: >14;no;51163.200;;BRINQUEDOS > MENINO > Telecomando;
OC0369261;BENTLEY - CARRO COM COMANDO;yes;yes;Materiais: Plástico/Componentes Eletronicos<br>Cor: Branco/Vermelho<br>Idade: >8;no;51163.200;;BRINQUEDOS > MENINO > Telecomando;
OC0369379;BEN 10-CARRO COM RC,MUSICA E LUZES;yes;yes;Materiais: Plástico/Componentes Eletronicos<br>Cor: Verde/Preto<br>Idade: >14;no;25581.600;;BRINQUEDOS > MENINO > Telecomando;
OC0369438;BOX QUADRADA ACESS. ESCOLARES HOMEM ARANHA;yes;yes;Materiais: Papelão/Plástico/Madeira<br>Cor: Azul<br>Idade: >4;no;11948.000;;BRINQUEDOS > MENINO > Escolar;
OC0369458;DRONE CAP.AMERICA / IRON MAN;yes;yes;Materiais: Plástico/Componentes Eletronicos<br>Cor: Preto<br>Idade: >14;no;38488.080;;BRINQUEDOS > MENINO > Drones;
OC0369467;DRONE COM RC, CAMARA WIFI;yes;yes;Materiais: Plástico/Componentes Eletronicos<br>Cor: Preto/Verde<br>Idade: >14;no;98062.800;;BRINQUEDOS > MENINO > Drones;
OC0372247;PICKUP WARRIOR C/ R/C;yes;yes;Materiais: Plástico/Componentes Eletronicos<br>Cor: Verde/Vermelho<br>Idade: >8;no;44294.920;;BRINQUEDOS > MENINO > Telecomando;
OC0375110;LOL-CONJ. DE BONECAS COM QUARDA ROUPA  ACS;yes;yes;Materiais: Plástico/Borracha<br>Cor: Rosa<br>Idade: >3;no;35813.940;;BRINQUEDOS > MENINA > Bonecas;
OC0377588;ROBOT COM RC;yes;yes;Materiais: Plástico/Componentes Eletronicos<br>Cor: Branco/Vermelho<br>Idade: +14;no;36115.200;;BRINQUEDOS > MENINO;
OC0383702;LADYBUG - BONECA 11" COM MÚSICA;yes;yes;Materiais: Plástico/Tecido<br>Cor: Vermelho/Preto<br>Idade: >3;no;11973.530;;BRINQUEDOS > MENINA > Bonecas;
OC0383703;LADYBUG - BONECA 11" COM MÚSICA;yes;yes;Materiais: Plástico/Tecido<br>Cor: Vermelhp/Preto<br>Idade: >3;no;11975.040;;BRINQUEDOS > MENINA > Bonecas;
OC0409635;MOANA - BONECA 28"COM LUZES E MÚSICA;yes;yes;Materiais: Plástico/Tecido<br>Cor: Azul<br>Idade: >3;no;23023.140;;BRINQUEDOS > MENINA > Bonecas;
OC0415996;MOANA-BONECA14" COM LUZES E MÚSICA;yes;yes;Materiais: Plástico/Tecido<br>Cor: Vermelho/Bege<br>Idade: >4;no;11628.000;;BRINQUEDOS > MENINO > Bonecas;
OC0415997;LUNA-BONECA14";yes;yes;Materiais: Plástico/Tecido<br>Cor: Branco/Rosa<br>Idade: >3;no;9690.000;;BRINQUEDOS > MENINA > Bonecas;
OC0415999;VAMPIRINHA-BONECA 10"COM LUZES;yes;yes;Materiais: Plástico/Tecido<br>Cor: Azul/Roxo<br>Idade: >3;no;14535.000;;BRINQUEDOS > MENINA > Bonecas;
OC0416005;Vampirinha Doll boneca de 14 com luzes e musica;yes;yes;Materiais: Plástico/Tecido<br>Cor: Azul/Roxo<br>Idade: >3;no;20349.000;;BRINQUEDOS > MENINA > Bonecas;
OC0416006;Ladybug boneca 18 com musica;yes;yes;Materiais: Plástico/Tecido<br>Cor: Vermelho/Preto<br>Idade: >3;no;8721.000;;BRINQUEDOS > MENINA > Bonecas;
OC0416009;FROZEN _ CONJUNTO MAKE UP;yes;yes;Materiais: Maquiagem<br>Cor: Rosa<br>Idade: >5;no;8552.750;;BRINQUEDOS > MENINA > Beleza;
OC0416011;SOY LUNA - CONJUNTO DE MAKE UP;yes;yes;Materiais: Plástico/Tecido<br>Cor: Azul<br>Idade: >5;no;6841.600;;BRINQUEDOS > MENINA > Beleza;
OC0416019;BEN 10 - CARRO COM RC LUZES E MÚSICA;yes;yes;Materiais: Plástico/Componentes Eletronicos<br>Cor:Verde<br>Idade: >8;no;28991.880;;BRINQUEDOS > MENINO > Telecomando;
OC0416022;DORAMON - CARRO COM RC LUZES E MÚSICA;yes;yes;Materiais: Plástico/Componentes Eletronicos<br>Cor: Branco/Vermelho/Azul<br>Idade: >14;no;23023.140;;BRINQUEDOS > MENINO > Telecomando;
OC0416032;LOL- BONECA 14 "SORTIDO DE 3";yes;yes;Materiais: Plástico/Tecido<br>Cor: >Vermelho/Rosa/Roxo<br>Idade: >4;no;12790.800;;BRINQUEDOS > MENINA > Bonecas;
OC0416052;HELECOPTERO COM RC;yes;yes;Materiais: Plástico/Componentes Eletronicos<br>Cor: Preto/Verde<br>Idade: >14;no;17054.400;;BRINQUEDOS > MENINO > Telecomando;
OC0416053;DRONE COM RC DOBRAVEL;yes;yes;Materiais: Plástico/Componentes Eletronicos<br>Cor: Preto/Vermelho<br>Idade: >14;no;85272.000;;BRINQUEDOS > MENINO > Drones;
OC0416055;BEN10 - CARRO DUBLÊ COM RC;yes;yes;Materiais: Plástico/Componentes Eletronicos<br>Cor: Branco/Vermelho<br>Idade: >3;no;15504.000;;BRINQUEDOS > MENINO > Telecomando;
OC0416057;SPIDER MAN - CARRO DUBLÊ COM RC;yes;yes;Materiais: Plástico/Componentes Eletronicos<br>Cor: Branco/Vermelho<br>Idade: >3;no;17442.000;;BRINQUEDOS > MENINO > Telecomando;
OC0416161;LOL-JOGO DE TUBOS ACELERADOS COM RC E ACS;yes;yes;Materiais: Plástico/Borracha<br>Cor: Rosa<br>Idade: >5;no;30698.520;;BRINQUEDOS > MENINA > Telecomando;
OC0416164;HEROES - MOTA COM RC;yes;yes;Materiais: Plástico/Componentes Eletronicos<br>Cor: Azul/Vermelho<br>Idade: >3;no;29845.200;;BRINQUEDOS > MENINO > Telecomando;
OC0416176;LOL - BONECA 28" COM LUZES E MÚSICA;yes;yes;Materiais: Plástico/Tecido<br>Cor: Azul/Rosa/Roxo<br>Idade: >3;no;23023.140;;BRINQUEDOS > MENINA > Bonecas;
OC0416192;LOL - BONECA 10" COM LUZES E MÚSICA;yes;yes;Materiais: Plástico/Tecido<br>Cor: Azul/Rosa/Amarelo<br>Idade: >3;no;8552.750;;BRINQUEDOS > MENINA > Bonecas;
OC0416194;LOL - BONECA 10" COM LUZES E MUSICA;yes;yes;Materiais: Plástico/Tecido<br>Cor: Azul/Roxo/Rosa<br>Idade: >3;no;8552.750;;BRINQUEDOS > MENINA > Bonecas;
OC0416214;CIRCUITO RACING COM RC ACS E LUZES MAGICAS;yes;yes;Materiais: Plástico/Componentes Eletronicos<br>Cor: Verde/Vermelho<br>Idade: >3;no;31550.340;;BRINQUEDOS > MENINO > Telecomando;
OC0416225;BEN - 10 CARRO COM RC;yes;yes;Materiais: Plástico/Componentes Eletronicos<br>Cor: Preto/Verde<br>Idade: >14;no;8552.750;;BRINQUEDOS > MENINO > Telecomando;
OC0416236;HEROES - ROBOT COM RC;yes;yes;Materiais: Plástico/Componentes Eletronicos<br>Cor: Branco/Vermelho/Dourado<br>Idade: >14;no;38372.400;;BRINQUEDOS > MENINO > Telecomando;
OC0416240;MOANA - BONECA 14" COM LUZES E MÚSICA;yes;yes;Materiais: Plástico/Tecido<br>Cor: Varias cores<br>Idade: >3;no;21318.000;;BRINQUEDOS > MENINA > Bonecas;
OC0416243;SOFIA - BONECA 12" COM LUZES E MÚSICA;yes;yes;Materiais: Plástico/Tecido<br>Cor: Roxo<br>Idade: >3;no;8527.200;;BRINQUEDOS > MENINA > Bonecas;
OC0416247;LOL - BONECA14" COM LUZES E MÚSICA;yes;yes;Materiais: Plástico/Tecido<br>Cor: Azul/Roxo/Rosa/Amarelo<br>Idade: >3;no;14495.940;;BRINQUEDOS > MENINA > Bonecas;
OC0416255;CAPITÃO AMÉRICA - DRONE COM RC;yes;yes;Materiais: Plástico/Componentes Eletronicos<br>Cor: Branco/Vermelho/Azul<br>Idade: >14;no;45332.680;;BRINQUEDOS > MENINO > Drones;
OC0416267;PEPPA PIG-MALA MAKE UP COM ACS;yes;yes;Materiais: Plástico<br>Cor: Roxo/Rosa<br>Idade: >3;no;23023.140;;BRINQUEDOS > MENINA > Beleza;
OC0416268;LOL- MALA DE MAKE UP COM ACS;yes;yes;Materiais: Plástico/Tecido<br>Cor: Rosa<br>Idade: >3;no;23023.140;;BRINQUEDOS > MENINA > Beleza;
OC0416270;DRONE COM RC;yes;yes;Materiais: Plástico/Componentes Eletronicos<br>Cor: Preto/Vermelho<br>Idade: >14;no;148372.680;;BRINQUEDOS > MENINO > Drones;
OC0416271;DRONE COM RC;yes;yes;Materiais: Plástico/Componentes Eletronicos<br>Cor: Branco/Preto<br>Idade: >14;no;64807.320;;BRINQUEDOS > MENINO > Drones;
OC0416272;DRONE COM RC;yes;yes;Materiais: Plástico/Componentes Eletronicos<br>Cor: Preto<br>Idade: >14;no;119380.800;;BRINQUEDOS > MENINO > Drones;
OC0416273;DORAEMON- CARRO COM COMANDO INFRA VERMELHO;yes;yes;Materiais: Plástico/Componentes Eletronicos<br>Cor: Branco/Vermelho<br>Idade: >6;no;25581.600;;BRINQUEDOS > MENINO > Telecomando;
OC0416313;Paw Patrol se de bonecas com acs;yes;yes;Materiais: Plástico<br>Cor: Rosa<br>Idade: >3;no;22287.000;;BRINQUEDOS > MENINA > Bonecas;
OC0416316;MOANA - CONJUNTO DE MAKE UP;yes;yes;Materiais: Plástico/Tecido<br>Cor: Azul/Rosa<br>Idade: >5;no;10659.000;;BRINQUEDOS > MENINA > Beleza;
OC0416334;Frozen boneca de 14 com luzes e musica;yes;yes;Materiais: Plástico/Tecido<br>Cor: Azul<br>Idade: >3;no;13566.000;;BRINQUEDOS > MENINA > Bonecas;
OC0416337;Princesa sofia boneca de 14 com luzes e musica ;yes;yes;Materiais: Plástico/Tecido<br>Cor: Roxo/Rosa<br>Idade: >3;no;17442.000;;BRINQUEDOS > MENINA > Bonecas;
OC0416351;LOL-CONJ.BONECAS+CARRO+ACS;yes;yes;Materiais: Plástico/Tecido<br>Cor: Azul/Roxo/Rosa<br>Idade: >3;no;17960.300;;BRINQUEDOS > MENINA > Bonecas;
OC0416354;FROZEN BONECA COM MICROFONE E OUTROS ACS;yes;yes;Materiais: Plástico/Borracha<br>Cor: Azul/Rosa<br>Idade: >3;no;30039.000;;BRINQUEDOS > MENINA > Bonecas;
OC0423645;BICICLETAS 14" SM SPIDERMAN;yes;yes;Materiais: Plástico/Metal/Aluminium/Pele<br>Cor: Vermelho/Preto/Azul<br>Idade: >4;no;81008.400;;BRINQUEDOS > MENINO > Bicicletas;
OC0423646;BICICLETAS 16" SM SPIDERMAN;yes;yes;Materiais: Plástico/Metal/Aluminium/Pele<br>Cor: Vermelho/Preto/Azul<br>Idade: >4;no;85272.000;;BRINQUEDOS > MENINO > Bicicletas;
OC0423653;BICICLETAS 14" PP PEPPA PIG;yes;yes;Materiais: Plástico/Metal/Aluminium/Pele<br>Cor: Rosa/Azul/Branco<br>Idade: >4;no;81008.400;;BRINQUEDOS > MENINA > Bicicletas;
OC0440482;LOL - CARAVANA+ BONECAS+ ACS;yes;yes;Materiais: Plástico/Borracha<br>Cor: Rosa/Branco<br>Idade: >3;no;24801.900;;BRINQUEDOS > MENINA > Bonecas;
OC0440484;LOL - PARQUE DE DIVERSÕES + BONECA;yes;yes;Materiais: Plástico/Borracha<br>Cor: Varias Cores<br>Idade: >3;no;19672.960;;BRINQUEDOS > MENINA > Bonecas;
OC0441518;CARRO COM RC;yes;yes;Materiais: Plástico/Componentes Eletronicos<br>Cor: Preto<br>Idade: >14;no;95794.290;;BRINQUEDOS > MENINO > Telecomando;
OC0441531;CARRO COM RC;yes;yes;Materiais: Plástico/Componentes Eletronicos<br>Cor: Preto<br>Idade: >8;no;128294.100;;BRINQUEDOS > MENINO > Telecomando;
OZ1807-14;SECRET.DIR.140+EXT.LAT+BLOCO 3 GAVET;yes;yes;Materiais:Madeira/Vidro<br>Cor:Castanho<br>Medidas:140x70cm;no;456883.500;;Mobiliário > Escritório > Secretárias;
OZ1807-16;SECRET.DIR.160+EXT.LAT+BLOCO 3 GAVET;yes;yes;Materiais: Madeira/Vidro<br>Cor:Castanho<br>Medidas:160x80cm;no;496612.500;;Mobiliário > Escritório > Secretárias;
OZ1870-08;ARMARIO MAD.80*40*200CM,2P.MAD+2P.VIDRO;yes;yes;Materiais:Madeira/Vidro<br>Cor:Castanho/Cromado<br>Medidas:80*40*200CM,;no;325777.800;;Mobiliário > Escritório > Armários de Escritório;
OZ-SL-116-12;SPACE 2 SECRET.C/SEPARADOR E BLOCO DE GAVET.;yes;yes;Materiais: Metal/Pele<br>Cor: Castanho/Cromado<br>Medidas:120X120cm;no;393317.100;;Mobiliário > Escritório > Secretárias;
PAMELA CD;Comoda 4 gav (Pamela=Samel);yes;yes;Materiais: Metal/Madeira<br>Cor: Pinho/Branco<br>;no;270157.200;;Mobiliário > Lar > Cômodas;
PAMELA CM;Cama para colchão 200/180(Pamela=Samel);yes;yes;Materiais: Metal/Madeira<br>Cor: Pinho/Branco<br>Medidas: 200x180cm;no;286048.800;;Mobiliário > Lar > Camas;
PAMELA MC;Conj. de 2 Mesa de cabeceira (Pamela=Samel);yes;yes;Materiais: Metal/Madeira<br>Cor: Pinho<br>;no;174807.600;;Mobiliário > Lar > Mesas de Cabeceira;
PAMELA MD;Moldura(Pamela=Samel);yes;yes;Materiais: Vidrol/Madeira<br>Cor: Pinho<br>;no;95349.600;;Mobiliário > Lar > Espelhos de Quarto;
PAMELA RP;Roupeiro(Pamela=Samel);yes;yes;Materiais: Metal/Madeira/Vidro<br>Cor: Pinho/Branco<br>Medidas: 224cmx206cmx54cm;no;540314.400;;Mobiliário > Lar > Roupeiros;
PORTO+2 BR;MESA DE CENTRO BRANCA;yes;yes;Materiais: Madeira<br>Cor: Branco<br>Medidas: 120X60X44CM;no;516477.000;;Mobiliário > Lar > Mesas de Centro;
PORTO+2 WG;MESA DE CENTRO WENGUE;yes;yes;Materiais: Madeira<br>Cor: Branco<br>Medidas: 120x60x44cm;no;389344.200;;Mobiliário > Lar > Mesas de Centro;
ROLLING BR;MESA DE CENTRO BRANCA;yes;yes;Materiais: Madeira<br>Cor: Branco<br>Medidas: 80x80x41cm;no;417154.500;;Mobiliário > Lar > Mesas de Centro;
RSZ1402LB;Mini Cooper- Bicicletas de 14;yes;yes;Materiais: Plástico/Metal/Aluminium/Pele<br>Cor: Azul/Vermelho<br>Idade: >4;no;242250.000;;BRINQUEDOS > MENINO > Bicicletas;
RSZ1405RR;BMW- Bicicletas de 14;yes;yes;Materiais: Plástico/Metal/Aluminium/Pele<br>Cor: Vermelho/Preto<br>Idade: >4;no;266475.000;;BRINQUEDOS > MENINO > Bicicletas;
RSZ140IS;Land Rover - Bicicletas de 14;yes;yes;Materiais: Plástico/Metal/Aluminium/Pele<br>Cor: Azul/Preto<br>Idade: >4;no;242250.000;;BRINQUEDOS > MENINO > Bicicletas;
RSZ1605CR.;MINI- Bicicletas 16;yes;yes;Materiais: Plástico/Metal/Aluminium/Pele<br>Cor: Vermelho/Azul<br>Idade: >4;no;266475.000;;BRINQUEDOS > MENINO > Bicicletas;
SANTA-FÉ-3L+2L;Conj.Sofás Santa Fé (3+2) Lugares  Pele Gel Savage;yes;yes;Materias: Metal/Pele Gel Savage<br>Cor: Cinza/Branco<br>Medidas: 3L 2,26cmx93cm/ 2L 186cmx93cm;no;1207761.600;;Mobiliário > Lar > Sofás;
SC201-S;Sapateira de  br.c/espelho 740*235*210mm simple;yes;yes;Materias: Metal/Madeira/vidro<br>Cor: Branco<br>Medidas: 74x23.5x210cm;no;913767.000;;Mobiliário > Lar > Sapateiras;
ST12BR;MESA DE REUNIAO REDONDA BRANCA;yes;yes;Materias: Metal/Madeira<br>Cor: Branco<br>Medidas: 120cm Diametro 75cm Alt.;no;595935.000;;Mobiliário > Escritório > Mesas de Reunião;
ST14S;MESA DE REUNIAO RETANGULAR E MODULO;yes;yes;Materiais: Metal/Madeira<br>Cor: Cinza/Castanho<br>Medidas: 420cmx110cm;no;2264553.000;;Mobiliário > Escritório > Mesas de Reunião;
ST2810 SIMPLES;ARMARIO PERSIANA BX 100*42*72Cm;yes;yes;Materiais: Metal<br>Cor: Cinza<br>Medidas:100x42x72Cm;no;452910.600;;Mobiliário > Escritório > Armários de Escritório;
ST4010 SIMPLES;ARMARIOS PERSSIANA 1000X420X1020;yes;yes;Materiais: Metal<br>Cor: Cinza<br>Medidas:1000x420x1020;no;476748.000;;Mobiliário > Escritório > Armários de Escritório;
ST5910;ARMÁRIO PERSSIANA 100*42*150;yes;yes;Materiais: Metal/Plástico<br>Cor: Cinza<br>Medidas:100x42x150Cm;no;536341.500;;Mobiliário > Escritório > Armários de Escritório;
VHF74940-I;Mochila infantil Iron man;yes;yes;Materiais: Tecido/Plástico<br>Cor: Amarelo/Vermelho<br>Idade: >4;no;28828.130;;BRINQUEDOS > MENINO > Escolar;
VHF74940-T;Mochila infantil capitan America;yes;yes;Materiais: Plástico/Tecido<br>Cor: Azul/Branco/Vermelho<br>Idade: >4;no;28828.130;;BRINQUEDOS > MENINA > Escolar;
